first name,last name, email
Rama Rao,Kurup,rama raokurup@fakegmail.com
Venkatesh,Mohan,venkateshmohan@fakegmail.com
Ramana,Mohan,ramanamohan@fakegmail.com
Mohan,Khan,mohankhan@fakegmail.com
Vijay,Patel,vijaypatel@fakegmail.com
Mohan,Raj,mohanraj@fakegmail.com
Mohan,Patel,mohanpatel@fakegmail.com
Ravi,Nair,ravinair@fakegmail.com
Jagannath,Mohan,jagannathmohan@fakegmail.com
Venkatesh,George,venkateshgeorge@fakegmail.com
Krishna,Mishra,krishnamishra@fakegmail.com
Siva,Menon,sivamenon@fakegmail.com
Madhu,Raj,madhuraj@fakegmail.com
Vijay,Mishra,vijaymishra@fakegmail.com
Vishnu,Menon,vishnumenon@fakegmail.com
Prasad,Panicker,prasadpanicker@fakegmail.com
Vishnu,Panicker,vishnupanicker@fakegmail.com
Jagannath,Rao,jagannathrao@fakegmail.com
Raju,Menon,rajumenon@fakegmail.com
Suresh,Mishra,sureshmishra@fakegmail.com
Srinivas,Rao,srinivasrao@fakegmail.com
Subba Rao,Kumar,subba raokumar@fakegmail.com
Narayana,Pillai,narayanapillai@fakegmail.com
Srinivas,Khan,srinivaskhan@fakegmail.com
Subba Rao,Rao,subba raorao@fakegmail.com
Prasad,Mishra,prasadmishra@fakegmail.com
Vishnu,Raj,vishnuraj@fakegmail.com
Ravi,George,ravigeorge@fakegmail.com
Ravi,Mohan,ravimohan@fakegmail.com
Subba Rao,Menon,subba raomenon@fakegmail.com
Ravi,Pillai,ravipillai@fakegmail.com
Jagannath,Menon,jagannathmenon@fakegmail.com
Prasad,George,prasadgeorge@fakegmail.com
Srinivas,Patel,srinivaspatel@fakegmail.com
Mahesh,Khan,maheshkhan@fakegmail.com
Srinivas,Menon,srinivasmenon@fakegmail.com
Vishnu,Menon,vishnumenon@fakegmail.com
Madhu,Pillai,madhupillai@fakegmail.com
Kumar,Nair,kumarnair@fakegmail.com
Satyanarayana,Menon,satyanarayanamenon@fakegmail.com
Satyanarayana,Kurup,satyanarayanakurup@fakegmail.com
Rama Rao,Naidu,rama raonaidu@fakegmail.com
Vijay,Menon,vijaymenon@fakegmail.com
Prasad,Mishra,prasadmishra@fakegmail.com
Venkatesh,Mohan,venkateshmohan@fakegmail.com
Siva,Patel,sivapatel@fakegmail.com
Prasad,Menon,prasadmenon@fakegmail.com
Prasad,Menon,prasadmenon@fakegmail.com
Jagannath,Reddy,jagannathreddy@fakegmail.com
Ramana,Gupta,ramanagupta@fakegmail.com
Prasad,Kurup,prasadkurup@fakegmail.com
Satyanarayana,Panicker,satyanarayanapanicker@fakegmail.com
Vishnu,Menon,vishnumenon@fakegmail.com
Kumar,Reddy,kumarreddy@fakegmail.com
Satyanarayana,Pillai,satyanarayanapillai@fakegmail.com
Madhu,Sharma,madhusharma@fakegmail.com
Vijay,Mohan,vijaymohan@fakegmail.com
Ravi,Nair,ravinair@fakegmail.com
Srinivas,Nair,srinivasnair@fakegmail.com
Srinivas,Kumar,srinivaskumar@fakegmail.com
